{
  "count": 96,
  "offset": 0,
  "limit": 0,
  "results": [
    {
      "search_uuid": "search_uuid",
      "user_uuid": "user_uuid",
      "search_date": "25/02/22",
      "search_name": "Busqueda 1",
      "search_detail": "Zapaterias Nou Barris",

      "search_result": 

      [
        {
          "name": "Compañia Roca Sanitario",
          "web": "http://www.roca.es",
          "email": "infosan@roca.net",
          "phone": null,
          "activities":
          [
            {
              "id": 1008031,
              "name": "Delegacions - oficines comercials"
            },
            {
              "id": 32805741,
              "name": "Sanitaris"
            },
            {
              "id": 29302310,
              "name": "Com.may. materiales construccion"
            },
            {
              "id": 30699721,
              "name": "Alquiler locales industriales"
            }
          ],
          "addresses":
          [
            {
              "street_name": "Av Diagonal",
              "number": "513",
              "zip_code": "08029",
              "district_id": "04",
              "town": "BARCELONA",
              "location":
              {
                     "x": 2.140835,
                     "y": 41.391424
              }
            }
          ]
        },
        {
          "name": "Inoxcrom SA",
          "web": "http://www.inoxcrom.com",
          "email": "inoxcrom@inoxcrom.com",
          "phone": null,
          "activities":
          [
            {
              "id": 1008031,
              "name": "Delegacions - oficines comercials"
            },
            {
              "id": 31801803,
              "name": "Inoxcrom"
            },
            {
              "id": 32815721,
              "name": "Material d'oficina"
            },
            {
              "id": 32815720,
              "name": "Paper"
            },
            {
              "id": 29304311,
              "name": "Com.may.art.papeleria y escritorio"
            },
            {
              "id": 68308190,
              "name": "Fabricacion de tubos de acero"
            },
            {
              "id": 71799836,
              "name": "Otros art. acabados en metales ncop"
            },
            {
              "id": 69307190,
              "name": "Tratamiento y recubrimiento de metales"
            },
            {
              "id": 70313191,
              "name": "Artes graficas (impresion grafica)"
            },
            {
              "id": 39893895,
              "name": "Fab. art. acabados materias plasticas"
            },
            {
              "id": 40896894,
              "name": "Fab. art. escritorio"
            }
          ],
          "addresses":
          [
            {
              "street_name": "T Estadella",
              "number": "46*54",
              "zip_code": "08030",
              "district_id": "09",
              "town": "BARCELONA",
              "location":
              {
                "x": 2.199667,
                "y": 41.434138
              }
            }
          ]
        },
        {
          "name": "Empresa Basf Española",
          "web": "http://www.basf.com/es",
          "email": null,
          "phone": null,
          "activities":
          [
            {
              "id": 1008031,
              "name": "Delegacions - oficines comercials"
            },
            {
              "id": 107010,
              "name": "Electrònica, electricitat, il·luminació"
            },
            {
              "id": 107019,
              "name": "Productes químics"
            },
            {
              "id": 72309188,
              "name": "Intermediarios del comercio"
            },
            {
              "id": 30699721,
              "name": "Alquiler locales industriales"
            }
          ],
          "addresses":
          [
            {
              "street_name": "C Can Ràbia",
              "number": "3*5",
              "zip_code": "08017",
              "district_id": "05",
              "town": "BARCELONA",
              "location":
              {
                "x": 2.134532,
                "y": 41.392749
              }
            }
          ]
        },
        {
          "name": "Fujifilm España S.A.",
          "web": "http://www.fujifilm.eu/es/",
          "email": null,
          "phone": null,
          "activities":
          [
            {
              "id": 1008031,
              "name": "Delegacions - oficines comercials"
            },
            {
              "id": 31798950,
              "name": "Fujifilm"
            },
            {
              "id": 29810744,
              "name": "Cinema"
            },
            {
              "id": 29810770,
              "name": "Vídeo"
            },
            {
              "id": 104021,
              "name": "Fotografia"
            },
            {
              "id": 29304308,
              "name": "Com.may. instrum. medicos y ortopedicos"
            },
            {
              "id": 72315196,
              "name": "Otras reparaciones ncop"
            },
            {
              "id": 13194273,
              "name": "Venda Càmera - Accessoris: Fotografia"
            },
            {
              "id": 13194275,
              "name": "Venda Cintes"
            },
            {
              "id": 13194276,
              "name": "Venda Pel.lícula Verge"
            }
          ],
          "addresses":
          [
            {
              "street_name": "C Aragó",
              "number": "180",
              "zip_code": "08011",
              "district_id": "02",
              "town": "BARCELONA",
              "location":
              {
                "x": 2.158223,
                "y": 41.386423
              }
            }
          ]
        },
        {
          "name": "Mattel España S.A.",
          "web": null,
          "email": null,
          "phone": null,
          "activities":
          [
            {
              "id": 1008031,
              "name": "Delegacions - oficines comercials"
            },
            {
              "id": 31805858,
              "name": "Mattel"
            },
            {
              "id": 29800721,
              "name": "Jocs"
            },
            {
              "id": 29300310,
              "name": "Com.may.apar.y mat. electronico"
            },
            {
              "id": 29304307,
              "name": "Com.may. juguetes y articulos deporte"
            },
            {
              "id": 29304312,
              "name": "Com.may. libros, periodicos y revistas"
            }
          ],
          "addresses":
          [
            {
              "street_name": "Aribau",
              "number": "200",
              "zip_code": "08036",
              "district_id": "02",
              "town": "BARCELONA",
              "location":
              {
                "x": 2.151978,
                "y": 41.394126
              }
            }
          ]
        },
        {
          "name": "Font Vella S.A.",
          "web": "http://fontvellaencasa.es",
          "email": "fontvellaencasa@danone.com",
          "phone": null,
          "activities":
          [
            {
              "id": 1008031,
              "name": "Delegacions - oficines comercials"
            },
            {
              "id": 31798883,
              "name": "Fonter"
            },
            {
              "id": 31798880,
              "name": "Font picant"
            },
            {
              "id": 31798881,
              "name": "Font vella"
            },
            {
              "id": 107001,
              "name": "Alimentació i begudes"
            },
            {
              "id": 33899894,
              "name": "Prep. y envasado de aguas minerales"
            }
          ],
          "addresses":
          [
            {
              "street_name": "C Buenos Aires",
              "number": "21",
              "zip_code": "08029",
              "district_id": "02",
              "town": "BARCELONA",
              "location":
              {
                "x": 2.14546,
                "y": 41.391404
              }
            }
          ]
        },
        {
          "name": "Dell España",
          "web": "http://www.dell.es",
          "email": null,
          "phone": null,
          "activities":
          [
            {
              "id": 1008031,
              "name": "Delegacions - oficines comercials"
            },
            {
              "id": 1008005,
              "name": "Serveis d'Assistència Tècnica"
            },
            {
              "id": 31797011,
              "name": "Dell"
            },
            {
              "id": 107007,
              "name": "Informàtica i telecomunicació"
            }
          ],
          "addresses":
          [
            {
              "street_name": null,
              "number": null,
              "zip_code": null,
              "district_id": "00",
              "town": "BARCELONA",
              "location":
              {
                "x": 2.1655926,
                "y": 41.3885567
              }
            }
          ]
        },
        {
          "name": "La Llave de Oro",
          "web": "http://www.lallavedeoro.com",
          "email": null,
          "phone": null,
          "activities":
          [
            {
              "id": 1008031,
              "name": "Delegacions - oficines comercials"
            },
            {
              "id": 1027003,
              "name": "Immobiliàries"
            },
            {
              "id": 67198241,
              "name": "Construccion completa, repar. y conserv."
            },
            {
              "id": 27701721,
              "name": "Promocion de edificaciones"
            }
          ],
          "addresses":
          [
            {
              "street_name": "Pg Manuel Girona",
              "number": "62*64",
              "zip_code": "08034",
              "district_id": "04",
              "town": "BARCELONA",
              "location":
              {
                 "x": 2.126165,
                 "y": 41.391338
              }
            }
          ]
        },
        {
          "name": "IBM Client Center Barcelona",
          "web": "http://www.ibm.com/es",
          "email": null,
          "phone": null,
          "activities":
          [
            {
              "id": 1008031,
              "name": "Delegacions - oficines comercials"
            },
            {
              "id": 31801736,
              "name": "Ibm"
            },
            {
              "id": 32799723,
              "name": "Material informàtic"
            },
            {
              "id": 29302314,
              "name": "Com.may. maquinas y material oficina"
            },
            {
              "id": 103909,
              "name": "Alquiler maq. y equipo contable"
            },
            {
              "id": 102911,
              "name": "Explotacion electronica por terceros"
            },
            {
              "id": 28701728,
              "name": "Otros servicios tecnicos ncop"
            },
            {
              "id": 63006068,
              "name": "Enseñanza form. profesional superior"
            }
          ],
          "addresses":
          [
            {
              "street_name": "Av Diagonal",
              "number": "571",
              "zip_code": "08029",
              "district_id": "04",
              "town": "BARCELONA",
              "location":
              {
                "x": 2.134921,
                "y": 41.389823
              }
            }
          ]
        },
        {
          "name": "Oracle Ibérica",
          "web": "http://www.oracle.es",
          "email": null,
          "phone": null,
          "activities":
          [
            {
              "id": 1008031,
              "name": "Delegacions - oficines comercials"
            },
            {
              "id": 31808780,
              "name": "Oracle"
            },
            {
              "id": 107007,
              "name": "Informàtica i telecomunicació"
            }
          ],
          "addresses":
          [
            {
              "street_name": "Av Diagonal",
              "number": "615",
              "zip_code": "08028",
              "district_id": "04",
              "town": "BARCELONA",
              "location":
              {
                 "x": 2.128782,
                 "y": 41.388269
              }
            }
          ]
        },
        {
          "name": "Delegació a Catalunya del Centro Español de Derechos Reprográficos",
          "web": "http://www.cedro.org",
          "email": "cedrocat@cedro.org",
          "phone": null,
          "activities":
          [
            {
              "id": 1008031,
              "name": "Delegacions - oficines comercials"
            },
            {
              "id": 1001001,
              "name": "Associacions"
            },
            {
              "id": 29814720,
              "name": "Dret"
            }
          ],
          "addresses":
          [
            {
              "street_name": "C Pau Claris",
              "number": "94",
              "zip_code": "08010",
              "district_id": "02",
              "town": "BARCELONA",
              "location":
              {
                 "x": 2.170491,
                 "y": 41.390354
              }
            }
          ]
        },
        {
          "name": "Henkel Ibérica S.A.",
          "web": "http://www.henkel.es",
          "email": null,
          "phone": null,
          "activities":
          [
            {
              "id": 1008031,
              "name": "Delegacions - oficines comercials"
            },
            {
              "id": 107024,
              "name": "Productes de drogueria"
            },
            {
              "id": 107019,
              "name": "Productes químics"
            },
            {
              "id": 40493481,
              "name": "Fab. jabones comunes, detergentes, lejia"
            }
          ],
          "addresses":
          [
            {
              "street_name": "C Bilbao",
              "number": "72*84",
              "zip_code": "08005",
              "district_id": "10",
              "town": "BARCELONA",
              "location":
              {
                 "x": 2.201409,
                 "y": 41.40457
              }
            }
          ]
        },
        {
          "name": "Cerveza Mahou - San Miguel",
          "web": "http://www.mahou-sanmiguel.com",
          "email": null,
          "phone": null,
          "activities":
          [
            {
              "id": 1008031,
              "name": "Delegacions - oficines comercials"
            },
            {
              "id": 31812788,
              "name": "San miguel"
            },
            {
              "id": 107001,
              "name": "Alimentació i begudes"
            }
          ],
          "addresses":
          [
            {
              "street_name": "C Comte d'Urgell",
              "number": "240",
              "zip_code": "08036",
              "district_id": "02",
              "town": "BARCELONA",
              "location":
              {
                "x": 2.147997,
                "y": 41.390354
              }
            }
          ]
        },
        {
          "name": "Societat Cooperativa SCIAS",
          "web": null,
          "email": "asc@asc.cat",
          "phone": null,
          "activities":
          [
            {
              "id": 1008031,
              "name": "Delegacions - oficines comercials"
            },
            {
              "id": 107002,
              "name": "Sanitat"
            },
            {
              "id": 64005068,
              "name": "Hospitales especializados"
            }
          ],
          "addresses":
          [
            {
              "street_name": "Av Josep Tarradellas",
              "number": "123*127",
              "zip_code": "08029",
              "district_id": "04",
              "town": "BARCELONA",
              "location":
              {
                "x": 2.143069,
                "y": 41.389503
              }
            }
          ]
        },
        {
          "name": "Llongueras Perruquers *Oficines",
          "web": "http://www.llongueras.com",
          "email": "llongueras@llongueras.com",
          "phone": null,
          "activities":
          [
            {
              "id": 1008031,
              "name": "Delegacions - oficines comercials"
            },
            {
              "id": 107011,
              "name": "Perfumeria, cosmètica, estètica"
            },
            {
              "id": 67006068,
              "name": "Salones e institutos de belleza"
            }
          ],
          "addresses":
          [
            {
              "street_name": "C Berlín",
              "number": "39*41",
              "zip_code": "08014",
              "district_id": "04",
              "town": "BARCELONA",
              "location":
              {
                 "x": 2.138314,
                 "y": 41.383048
              }
            }
          ]
        },
        {
          "name": "Kenwood España",
          "web": "http://www.kenwoodworld.com/es-es",
          "email": null,
          "phone": null,
          "activities":
          [
            {
              "id": 1008031,
              "name": "Delegacions - oficines comercials"
            },
            {
              "id": 31803772,
              "name": "Kenwood"
            },
            {
              "id": 29300310,
              "name": "Com.may.apar.y mat. electronico"
            },
            {
              "id": 1591547,
              "name": "Fab. receptores radio, tv, y sonido"
            }
          ],
          "addresses":
          [
            {
              "street_name": "Av Ports d'Europa",
              "number": "100",
              "zip_code": "08040",
              "district_id": "03",
              "town": "BARCELONA",
              "location":
              {
                "x": 2.134999,
                "y": 41.322204
              }
            }
          ]
        },
        {
          "name": "El Corte Inglés, S.A.",
          "web": "http://www.elcorteingles.es",
          "email": null,
          "phone": null,
          "activities":
          [
            {
              "id": 1008031,
              "name": "Delegacions - oficines comercials"
            },
            {
              "id": 34296307,
              "name": "Com.men.grandes almacenes"
            },
            {
              "id": 63006067,
              "name": "Enseñanza formacion prof. no superior"
            }
          ],
          "addresses":
          [
            {
              "street_name": "C Bolívia",
              "number": "234",
              "zip_code": "08020",
              "district_id": "10",
              "town": "BARCELONA",
              "location":
              {
                 "x": 2.201416,
                 "y": 41.410561
              }
            }
          ]
        },
        {
          "name": "Empresa Konica Minolta",
          "web": "http://www.konicaminolta.es",
          "email": "barcelona@konicaminolta.es",
          "phone": null,
          "activities":
          [
            {
              "id": 1008031,
              "name": "Delegacions - oficines comercials"
            },
            {
              "id": 1026004,
              "name": "Consultories"
            },
            {
              "id": 31803820,
              "name": "Konica"
            },
            {
              "id": 32813731,
              "name": "Màquines d'arts gràfiques, fotocopiadores"
            },
            {
              "id": 110008,
              "name": "Servei de lísing"
            },
            {
              "id": 29300310,
              "name": "Com.may.apar.y mat. electronico"
            }
          ],
          "addresses":
          [
            {
              "street_name": "Rbla Brasil",
              "number": "38*40",
              "zip_code": "08028",
              "district_id": "03",
              "town": "BARCELONA",
              "location":
              {
                "x": 2.129989,
                "y": 41.377844
              }
            }
          ]
        },
        {
          "name": "Red Eléctrica de España",
          "web": "http://www.ree.es",
          "email": null,
          "phone": null,
          "activities":
          [
            {
              "id": 1008031,
              "name": "Delegacions - oficines comercials"
            },
            {
              "id": 1025,
              "name": "Companyies de subministrament"
            },
            {
              "id": 32800721,
              "name": "Llum"
            },
            {
              "id": 104025,
              "name": "Treball, industria, comerç i serveis"
            }
          ],
          "addresses":
          [
            {
              "street_name": "Av Paral.lel",
              "number": "55",
              "zip_code": "08004",
              "district_id": "03",
              "town": "BARCELONA",
              "location":
              {
               "x": 2.171083,
               "y": 41.374721
              }
            }
          ]
        },
        {
          "name": "Cafès Novell",
          "web": "http://www.cafesnovell.com",
          "email": "info@cafesnovell.com",
          "phone": null,
          "activities":
          [
            {
              "id": 1008031,
              "name": "Delegacions - oficines comercials"
            },
            {
              "id": 32793722,
              "name": "Cafès"
            }
          ],
          "addresses":
          [
            {
              "street_name": "C Marina",
              "number": "179",
              "zip_code": "08013",
              "district_id": "02",
              "town": "BARCELONA",
              "location":
              {
                "x": 2.180334,
                "y": 41.399517
              }
            }
          ]
        },
        {
          "name": "Antiga Fàbrica Estrella Damm",
          "web": "http://www.bcn.cat/cultura/merce/PlanolEspai_Fabrica_Damm.jpg",
          "email": null,
          "phone": null,
          "activities":
          [
            {
              "id": 1008031,
              "name": "Delegacions - oficines comercials"
            },
            {
              "id": 46366349,
              "name": "Nivell 3 (PIC's, ús intern)"
            },
            {
              "id": 46366354,
              "name": "Oci i Lleure (PIC's, ús intern) "
            },
            {
              "id": 31796749,
              "name": "Damm"
            },
            {
              "id": 31800783,
              "name": "Henninger"
            },
            {
              "id": 107001,
              "name": "Alimentació i begudes"
            },
            {
              "id": 53646332,
              "name": "Arquitectura industrial"
            },
            {
              "id": 148414580,
              "name": "Equipaments on es celebra la Mercè 2021(per a la web)"
            },
            {
              "id": 29302315,
              "name": "Com.may.interindustrial excep. quimica"
            },
            {
              "id": 30699720,
              "name": "Alquiler de viviendas"
            },
            {
              "id": 102911,
              "name": "Explotacion electronica por terceros"
            },
            {
              "id": 28707728,
              "name": "Otros servicios independientes ncop"
            },
            {
              "id": 102908,
              "name": "Servicios financieros y contables"
            },
            {
              "id": 70308194,
              "name": "Fab. cerveza y malta de cerveza"
            }
          ],
          "addresses":
          [
            {
              "street_name": "Carrer del Rosselló",
              "number": "515",
              "zip_code": "08025",
              "district_id": "02",
              "town": "Barcelona",
              "location":
              {
                "x": 2.17818,
                "y": 41.409128
              }
            }
          ]
        },
        {
          "name": "Empresa Lavazza",
          "web": "http://www.lavazza.es",
          "email": "info@lavazza.es",
          "phone": null,
          "activities":
          [
            {
              "id": 1008031,
              "name": "Delegacions - oficines comercials"
            },
            {
              "id": 31804968,
              "name": "Lavazza"
            },
            {
              "id": 32793722,
              "name": "Cafès"
            },
            {
              "id": 14104799,
              "name": "Màquines de cafè"
            },
            {
              "id": 29297315,
              "name": "Com.may.otro ptos.alimenticios,hel.,etc"
            }
          ],
          "addresses":
          [
            {
              "street_name": "Pg Gràcia",
              "number": "50",
              "zip_code": "08007",
              "district_id": "02",
              "town": "BARCELONA",
              "location":
              {
                "x": 2.165653,
                "y": 41.39202
              }
            }
          ]
        },
        {
          "name": "Grupo Vichy Catalan s.a.",
          "web": "http://www.vichycatalan.com",
          "email": "consumidor@pmg1881.com",
          "phone": null,
          "activities":
          [
            {
              "id": 1008031,
              "name": "Delegacions - oficines comercials"
            },
            {
              "id": 107001,
              "name": "Alimentació i begudes"
            },
            {
              "id": 29297312,
              "name": "Com.may.bebidas y tabaco"
            }
          ],
          "addresses":
          [
            {
              "street_name": "Roger de Llúria",
              "number": "126",
              "zip_code": "08037",
              "district_id": "02",
              "town": "BARCELONA",
              "location":
              {
                "x": 2.162678,
                "y": 41.397976
              }
            }
          ]
        },
        {
          "name": "Seu Central",
          "web": "http://elconsorci.es",
          "email": "czfb@el-consorci.com",
          "phone": null,
          "activities":
          [
            {
              "id": 1008031,
              "name": "Delegacions - oficines comercials"
            },
            {
              "id": 65058972,
              "name": "Oficines"
            },
            {
              "id": 49841510,
              "name": "Oficines - Despatxos"
            }
          ],
          "addresses":
          [
            {
              "street_name": "Av Parc Logístic",
              "number": "2*10",
              "zip_code": "08040",
              "district_id": "03",
              "town": "BARCELONA",
              "location":
              {
                "x": 2.129433,
                "y": 41.341731
              }
            }
          ]
        },
        {
          "name": "Majorica, S.A.",
          "web": "http://www.majorica.com",
          "email": "info@majorica.com",
          "phone": null,
          "activities":
          [
            {
              "id": 1008031,
              "name": "Delegacions - oficines comercials"
            },
            {
              "id": 31805757,
              "name": "Majorica"
            },
            {
              "id": 32804746,
              "name": "Articles de joieria"
            }
          ],
          "addresses":
          [
            {
              "street_name": "Pg Gràcia",
              "number": "74",
              "zip_code": "08008",
              "district_id": "02",
              "town": "BARCELONA",
              "location":
              {
                "x": 2.163608,
                "y": 41.393668
              }
            }
          ]
        },
        {
          "name": "Empresa Hewlett Packard Enterprise",
          "web": "http://www.hpe.com",
          "email": null,
          "phone": null,
          "activities":
          [
            {
              "id": 1008031,
              "name": "Delegacions - oficines comercials"
            },
            {
              "id": 31795979,
              "name": "Compaq"
            },
            {
              "id": 31800807,
              "name": "Hewlett packard"
            },
            {
              "id": 104800,
              "name": "Impressores"
            },
            {
              "id": 104799,
              "name": "Ordinadors"
            },
            {
              "id": 104801,
              "name": "Perifèrics"
            },
            {
              "id": 29300310,
              "name": "Com.may.apar.y mat. electronico"
            },
            {
              "id": 103909,
              "name": "Alquiler maq. y equipo contable"
            },
            {
              "id": 102911,
              "name": "Explotacion electronica por terceros"
            },
            {
              "id": 73308189,
              "name": "Tte. mercancias por carretera"
            }
          ],
          "addresses":
          [
            {
              "street_name": "C Tànger",
              "number": "66",
              "zip_code": "08018",
              "district_id": "10",
              "town": "BARCELONA",
              "location":
              {
                "x": 2.191243,
                "y": 41.401225
              }
            }
          ]
        },
        {
          "name": "Kodak S.A.",
          "web": "http://www.kodak.es",
          "email": null,
          "phone": null,
          "activities":
          [
            {
              "id": 1008031,
              "name": "Delegacions - oficines comercials"
            },
            {
              "id": 29810770,
              "name": "Vídeo"
            },
            {
              "id": 104021,
              "name": "Fotografia"
            },
            {
              "id": 29300310,
              "name": "Com.may.apar.y mat. electronico"
            },
            {
              "id": 13194276,
              "name": "Venda Pel.lícula Verge"
            }
          ],
          "addresses":
          [
            {
              "street_name": "C Milanesat",
              "number": "25",
              "zip_code": "08017",
              "district_id": "05",
              "town": "BARCELONA",
              "location":
              {
                "x": 2.13073,
                "y": 41.398488
              }
            }
          ]
        },
        {
          "name": "Comercial Gallo S.A.",
          "web": "http://www.pastasgallo.es",
          "email": null,
          "phone": null,
          "activities":
          [
            {
              "id": 1008031,
              "name": "Delegacions - oficines comercials"
            },
            {
              "id": 31798744,
              "name": "Faisan"
            },
            {
              "id": 31799743,
              "name": "Gallo"
            },
            {
              "id": 107001,
              "name": "Alimentació i begudes"
            },
            {
              "id": 29297307,
              "name": "Com.may.ptos.alimentic.bebidas y tabacos"
            }
          ],
          "addresses":
          [
            {
              "street_name": "Av Diagonal",
              "number": "468",
              "zip_code": "08006",
              "district_id": "06",
              "town": "BARCELONA",
              "location":
              {
                "x": 2.156419,
                "y": 41.396026
              }
            }
          ]
        },
        {
          "name": "Triodos Bank, Banc Sostenible",
          "web": "http://www.triodos.es",
          "email": "sac@triodos.es",
          "phone": null,
          "activities":
          [
            {
              "id": 1008031,
              "name": "Delegacions - oficines comercials"
            },
            {
              "id": 1007001,
              "name": "Bancs"
            },
            {
              "id": 114004,
              "name": "Oficines centrals"
            }
          ],
          "addresses":
          [
            {
              "street_name": "Av Diagonal",
              "number": "418",
              "zip_code": "08037",
              "district_id": "02",
              "town": "BARCELONA",
              "location":
              {
                 "x": 2.164061,
                 "y": 41.397939
              }
            }
          ]
        },
        {
          "name": "Empresa Solvay Química",
          "web": "http://www.solvayquimica.es",
          "email": null,
          "phone": null,
          "activities":
          [
            {
              "id": 1008031,
              "name": "Delegacions - oficines comercials"
            },
            {
              "id": 1008008,
              "name": "Fabricació"
            },
            {
              "id": 107019,
              "name": "Productes químics"
            },
            {
              "id": 29301312,
              "name": "Com.may.ptos. quimicos industriales"
            }
          ],
          "addresses":
          [
            {
              "street_name": "Pg Gràcia",
              "number": "21",
              "zip_code": "08007",
              "district_id": "02",
              "town": "BARCELONA",
              "location":
              {
                "x": 2.166601,
                "y": 41.390412
              }
            }
          ]
        },
        {
          "name": "Novartis Farmacéutica S.A.",
          "web": "http://www.novartis.es",
          "email": null,
          "phone": null,
          "activities":
          [
            {
              "id": 1008031,
              "name": "Delegacions - oficines comercials"
            },
            {
              "id": 31801850,
              "name": "Isostar"
            },
            {
              "id": 107001,
              "name": "Alimentació i begudes"
            }
          ],
          "addresses":
          [
            {
              "street_name": "G.V. Corts Catalanes",
              "number": "764*766",
              "zip_code": "08013",
              "district_id": "02",
              "town": "BARCELONA",
              "location":
              {
                "x": 2.180696,
                "y": 41.398265
              }
            }
          ]
        },
        {
          "name": "Groupe Zannier Espanya",
          "web": "http://www.kidilizgroup.com",
          "email": null,
          "phone": null,
          "activities":
          [
            {
              "id": 1008031,
              "name": "Delegacions - oficines comercials"
            },
            {
              "id": 31821778,
              "name": "Groupe Zannier España"
            },
            {
              "id": 31820722,
              "name": "3 Pommes"
            },
            {
              "id": 31794113,
              "name": "Absorba"
            },
            {
              "id": 31794114,
              "name": "Alphabet"
            },
            {
              "id": 31795730,
              "name": "Catimini"
            },
            {
              "id": 31795729,
              "name": "Chipie"
            },
            {
              "id": 31795728,
              "name": "Confetti"
            },
            {
              "id": 31798719,
              "name": "Floriane"
            },
            {
              "id": 31801719,
              "name": "Ikks"
            },
            {
              "id": 31802824,
              "name": "Jean Bourget"
            },
            {
              "id": 31803725,
              "name": "Kenzo"
            },
            {
              "id": 31804845,
              "name": "Levi's"
            },
            {
              "id": 31804967,
              "name": "Lili Gaufrette"
            },
            {
              "id": 31808824,
              "name": "Oxbow"
            },
            {
              "id": 32804730,
              "name": "Moda nens"
            }
          ],
          "addresses":
          [
            {
              "street_name": "C Mallorca",
              "number": "318",
              "zip_code": "08037",
              "district_id": "02",
              "town": "BARCELONA",
              "location":
              {
                "x": 2.168163,
                "y": 41.397935
              }
            }
          ]
        },
        {
          "name": "Asociación Española de Normalización y Certificación",
          "web": "http://www.aenor.cat",
          "email": "dct@aenor.es",
          "phone": null,
          "activities":
          [
            {
              "id": 1008031,
              "name": "Delegacions - oficines comercials"
            },
            {
              "id": 1001001,
              "name": "Associacions"
            },
            {
              "id": 29817768,
              "name": "Certificació de productes o serveis"
            },
            {
              "id": 33304310,
              "name": "Com.men.libros,periodicos,revistas."
            }
          ],
          "addresses":
          [
            {
              "street_name": "C Tànger",
              "number": "98",
              "zip_code": "08018",
              "district_id": "10",
              "town": "BARCELONA",
              "location":
              {
                "x": 2.19319,
                "y": 41.402669
              }
            }
          ]
        },
        {
          "name": "Empresa Grup Balañà",
          "web": "http://www.grupbalana.com",
          "email": "info@grupbalana.com",
          "phone": null,
          "activities":
          [
            {
              "id": 1008031,
              "name": "Delegacions - oficines comercials"
            },
            {
              "id": 1006080,
              "name": "Promotores"
            },
            {
              "id": 29810744,
              "name": "Cinema"
            },
            {
              "id": 29810727,
              "name": "Teatre"
            },
            {
              "id": 50843509,
              "name": "Distribuïdores: Cinema"
            },
            {
              "id": 50844509,
              "name": "Empreses Exhibició"
            }
          ],
          "addresses":
          [
            {
              "street_name": "C Provença",
              "number": "266",
              "zip_code": "08008",
              "district_id": "02",
              "town": "BARCELONA",
              "location":
              {
                "x": 2.159522,
                "y": 41.393123
              }
            }
          ]
        },
        {
          "name": "Editorial Espasa Calpe  S.A.",
          "web": "http://www.planeta.es/es/editorial-espasa",
          "email": "sugerencias@espasa.es",
          "phone": null,
          "activities":
          [
            {
              "id": 1008031,
              "name": "Delegacions - oficines comercials"
            },
            {
              "id": 1006044,
              "name": "Editorials"
            },
            {
              "id": 29304312,
              "name": "Com.may. libros, periodicos y revistas"
            }
          ],
          "addresses":
          [
            {
              "street_name": "Av Diagonal",
              "number": "662",
              "zip_code": "08034",
              "district_id": "04",
              "town": "BARCELONA",
              "location":
              {
                "x": 2.128834,
                "y": 41.38932
              }
            }
          ]
        },
        {
          "name": "Empresa Cinesa",
          "web": "http://www.cinesa.es",
          "email": "info@cinesa.es",
          "phone": null,
          "activities":
          [
            {
              "id": 1008031,
              "name": "Delegacions - oficines comercials"
            },
            {
              "id": 31821724,
              "name": "Cinesa"
            },
            {
              "id": 29810744,
              "name": "Cinema"
            },
            {
              "id": 32299309,
              "name": "Com.men.ptos.pasteleria,bolleria"
            },
            {
              "id": 35299312,
              "name": "Cafe-bar teatros y cines"
            },
            {
              "id": 66007067,
              "name": "Exhibicion de peliculas cinematograficas"
            },
            {
              "id": 50844509,
              "name": "Empreses Exhibició"
            }
          ],
          "addresses":
          [
            {
              "street_name": "C Rosselló i Porcel",
              "number": "21",
              "zip_code": "08016",
              "district_id": "08",
              "town": "BARCELONA",
              "location":
              {
                "x": 2.180874,
                "y": 41.437037
              }
            }
          ]
        },
        {
          "name": "Textil Textura *Oficines",
          "web": "http://www.textura-interiors.com",
          "email": "info@textura-interiors.com",
          "phone": null,
          "activities":
          [
            {
              "id": 1008031,
              "name": "Delegacions - oficines comercials"
            },
            {
              "id": 1026019,
              "name": "Oficines tècniques (d'empreses privades)"
            },
            {
              "id": 32804724,
              "name": "Roba de la llar"
            },
            {
              "id": 33296307,
              "name": "Com.men.ptos.textiles para el hogar"
            }
          ],
          "addresses":
          [
            {
              "street_name": "C Còrsega",
              "number": "299",
              "zip_code": "08008",
              "district_id": "02",
              "town": "BARCELONA",
              "location":
              {
                "x": 2.156679,
                "y": 41.394973
              }
            }
          ]
        },
        {
          "name": "Mango Innovation Centre",
          "web": "http://shop.mango.com",
          "email": null,
          "phone": null,
          "activities":
          [
            {
              "id": 1008031,
              "name": "Delegacions - oficines comercials"
            }
          ],
          "addresses":
          [
            {
              "street_name": "C Almogàvers",
              "number": "119",
              "zip_code": "08018",
              "district_id": "10",
              "town": "BARCELONA",
              "location":
              {
                "x": 2.190035,
                "y": 41.397256
              }
            }
          ]
        },
        {
          "name": "Pompadour Ibérica S.A.",
          "web": "http://www.pompadour.es",
          "email": null,
          "phone": null,
          "activities":
          [
            {
              "id": 1008031,
              "name": "Delegacions - oficines comercials"
            },
            {
              "id": 31809970,
              "name": "Pompadour"
            },
            {
              "id": 107001,
              "name": "Alimentació i begudes"
            }
          ],
          "addresses":
          [
            {
              "street_name": "C Sicília",
              "number": "372*374",
              "zip_code": "08025",
              "district_id": "06",
              "town": "BARCELONA",
              "location":
              {
               "x": 2.169597,
               "y": 41.405214
              }
            }
          ]
        },
        {
          "name": "Diesel Iberia S.A.",
          "web": null,
          "email": null,
          "phone": null,
          "activities":
          [
            {
              "id": 1008031,
              "name": "Delegacions - oficines comercials"
            },
            {
              "id": 107012,
              "name": "Moda i tèxtil"
            },
            {
              "id": 29298309,
              "name": "Com.may. prendas exteriores vestir"
            },
            {
              "id": 29298307,
              "name": "Com.may.ptos.textiles,confecc, y calzado"
            }
          ],
          "addresses":
          [
            {
              "street_name": "Pl Catalunya",
              "number": "9",
              "zip_code": "08002",
              "district_id": "02",
              "town": "BARCELONA",
              "location":
              {
                "x": 2.168887,
                "y": 41.387696
              }
            }
          ]
        },
        {
          "name": "Oracle Netsuite",
          "web": "http://grow-with-us.netsuite.com/barcelona",
          "email": null,
          "phone": null,
          "activities":
          [
            {
              "id": 1008031,
              "name": "Delegacions - oficines comercials"
            },
            {
              "id": 31808780,
              "name": "Oracle"
            },
            {
              "id": 107007,
              "name": "Informàtica i telecomunicació"
            }
          ],
          "addresses":
          [
            {
              "street_name": "Av Diagonal",
              "number": "211",
              "zip_code": "08018",
              "district_id": "10",
              "town": "BARCELONA",
              "location":
              {
                "x": 2.189557,
                "y": 41.403733
              }
            }
          ]
        },
        {
          "name": "Departament Comercial a Barcelona",
          "web": "http://www.atresmediapublicidad.com",
          "email": null,
          "phone": null,
          "activities":
          [
            {
              "id": 1008031,
              "name": "Delegacions - oficines comercials"
            }
          ],
          "addresses":
          [
            {
              "street_name": "Av Diagonal",
              "number": "662",
              "zip_code": "08034",
              "district_id": "04",
              "town": "BARCELONA",
              "location":
              {
                "x": 2.128834,
                "y": 41.38932
              }
            }
          ]
        },
        {
          "name": "Kumon Institut d'Educació d'Espanya",
          "web": "http://www.kumon.es",
          "email": "info@kumon.es",
          "phone": null,
          "activities":
          [
            {
              "id": 1008031,
              "name": "Delegacions - oficines comercials"
            },
            {
              "id": 1010002,
              "name": "Escoles"
            },
            {
              "id": 29806739,
              "name": "Matemàtiques"
            },
            {
              "id": 29803720,
              "name": "Ensenyament no reglat"
            }
          ],
          "addresses":
          [
            {
              "street_name": "Carrer de Balmes",
              "number": "195",
              "zip_code": "08006",
              "district_id": "05",
              "town": "Barcelona",
              "location":
              {
                "x": 2.150445,
                "y": 41.396537
              }
            }
          ]
        },
        {
          "name": "Juvé y Camps",
          "web": null,
          "email": "barcelona@juveycamps.com",
          "phone": null,
          "activities":
          [
            {
              "id": 1008031,
              "name": "Delegacions - oficines comercials"
            },
            {
              "id": 31802821,
              "name": "Juve y camps"
            },
            {
              "id": 107001,
              "name": "Alimentació i begudes"
            },
            {
              "id": 29297312,
              "name": "Com.may.bebidas y tabaco"
            }
          ],
          "addresses":
          [
            {
              "street_name": "Londres",
              "number": "69",
              "zip_code": "08036",
              "district_id": "02",
              "town": "BARCELONA",
              "location":
              {
                 "x": 2.148874,
                 "y": 41.392206
              }
            }
          ]
        }
      ]
    },
    {
      "search_uuid": "search_uuid",
      "user_uuid": "user_uuid",
      "search_date": "22/02/22",
      "search_name": "Busqueda 2",
      "search_detail": "Cinema Sant Andreu",
      "search_result": 

      [
        {
          "name": "Compañia Roca Sanitario",
          "web": "http://www.roca.es",
          "email": "infosan@roca.net",
          "phone": null,
          "activities":
          [
            {
              "id": 1008031,
              "name": "Delegacions - oficines comercials"
            },
            {
              "id": 32805741,
              "name": "Sanitaris"
            },
            {
              "id": 29302310,
              "name": "Com.may. materiales construccion"
            },
            {
              "id": 30699721,
              "name": "Alquiler locales industriales"
            }
          ],
          "addresses":
          [
            {
              "street_name": "Av Diagonal",
              "number": "513",
              "zip_code": "08029",
              "district_id": "04",
              "town": "BARCELONA",
              "location":
              {
                 "x": 2.140835,
                 "y": 41.391424
              }
            }
          ]
        },
        {
          "name": "Inoxcrom SA",
          "web": "http://www.inoxcrom.com",
          "email": "inoxcrom@inoxcrom.com",
          "phone": null,
          "activities":
          [
            {
              "id": 1008031,
              "name": "Delegacions - oficines comercials"
            },
            {
              "id": 31801803,
              "name": "Inoxcrom"
            },
            {
              "id": 32815721,
              "name": "Material d'oficina"
            },
            {
              "id": 32815720,
              "name": "Paper"
            },
            {
              "id": 29304311,
              "name": "Com.may.art.papeleria y escritorio"
            },
            {
              "id": 68308190,
              "name": "Fabricacion de tubos de acero"
            },
            {
              "id": 71799836,
              "name": "Otros art. acabados en metales ncop"
            },
            {
              "id": 69307190,
              "name": "Tratamiento y recubrimiento de metales"
            },
            {
              "id": 70313191,
              "name": "Artes graficas (impresion grafica)"
            },
            {
              "id": 39893895,
              "name": "Fab. art. acabados materias plasticas"
            },
            {
              "id": 40896894,
              "name": "Fab. art. escritorio"
            }
          ],
          "addresses":
          [
            {
              "street_name": "T Estadella",
              "number": "46*54",
              "zip_code": "08030",
              "district_id": "09",
              "town": "BARCELONA",
              "location":
              {
                "x": 2.199667,
                "y": 41.434138
              }
            }
          ]
        },
        {
          "name": "Empresa Basf Española",
          "web": "http://www.basf.com/es",
          "email": null,
          "phone": null,
          "activities":
          [
            {
              "id": 1008031,
              "name": "Delegacions - oficines comercials"
            },
            {
              "id": 107010,
              "name": "Electrònica, electricitat, il·luminació"
            },
            {
              "id": 107019,
              "name": "Productes químics"
            },
            {
              "id": 72309188,
              "name": "Intermediarios del comercio"
            },
            {
              "id": 30699721,
              "name": "Alquiler locales industriales"
            }
          ],
          "addresses":
          [
            {
              "street_name": "C Can Ràbia",
              "number": "3*5",
              "zip_code": "08017",
              "district_id": "05",
              "town": "BARCELONA",
              "location":
              {
                "x": 2.134532,
                "y": 41.392749
              }
            }
          ]
        },
        {
     	 "name": "Fujifilm España S.A.",
      "web": "http://www.fujifilm.eu/es/",
      "email": null,
      "phone": null,
      "activities": [
        {
          "id": 1008031,
          "name": "Delegacions - oficines comercials"
        },
        {
          "id": 31798950,
          "name": "Fujifilm"
        },
        {
          "id": 29810744,
          "name": "Cinema"
        },
        {
          "id": 29810770,
          "name": "Vídeo"
        },
        {
          "id": 104021,
          "name": "Fotografia"
        },
        {
          "id": 29304308,
          "name": "Com.may. instrum. medicos y ortopedicos"
        },
        {
          "id": 72315196,
          "name": "Otras reparaciones ncop"
        },
        {
          "id": 13194273,
          "name": "Venda Càmera - Accessoris: Fotografia"
        },
        {
          "id": 13194275,
          "name": "Venda Cintes"
        },
        {
          "id": 13194276,
          "name": "Venda Pel.lícula Verge"
        }
      ],
      "addresses": [
        {
          "street_name": "C Aragó",
          "number": "180",
          "zip_code": "08011",
          "district_id": "02",
          "town": "BARCELONA",
          "location": {
            "x": 2.158223,
            "y": 41.386423
          }
        }
      ]
    },
    {
      "name": "Mattel España S.A.",
      "web": "https://shopping.mattel.com/es-es/",
      "email": null,
      "phone": null,
      "activities": [
        {
          "id": 1008031,
          "name": "Delegacions - oficines comercials"
        },
        {
          "id": 31805858,
          "name": "Mattel"
        },
        {
          "id": 29800721,
          "name": "Jocs"
        },
        {
          "id": 29300310,
          "name": "Com.may.apar.y mat. electronico"
        },
        {
          "id": 29304307,
          "name": "Com.may. juguetes y articulos deporte"
        },
        {
          "id": 29304312,
          "name": "Com.may. libros, periodicos y revistas"
        }
      ],
      "addresses": [
        {
          "street_name": "Aribau",
          "number": "200",
          "zip_code": "08036",
          "district_id": "02",
          "town": "BARCELONA",
          "location": {
            "x": 2.151978,
            "y": 41.394126
          }
        }
      ]
    },
    {
      "name": "Font Vella S.A.",
      "web": "http://fontvellaencasa.es",
      "email": "fontvellaencasa@danone.com",
      "phone": null,
      "activities": [
        {
          "id": 1008031,
          "name": "Delegacions - oficines comercials"
        },
        {
          "id": 31798883,
          "name": "Fonter"
        },
        {
          "id": 31798880,
          "name": "Font picant"
        },
        {
          "id": 31798881,
          "name": "Font vella"
        },
        {
          "id": 107001,
          "name": "Alimentació i begudes"
        },
        {
          "id": 33899894,
          "name": "Prep. y envasado de aguas minerales"
        }
      ],
      "addresses": [
        {
          "street_name": "C Buenos Aires",
          "number": "21",
          "zip_code": "08029",
          "district_id": "02",
          "town": "BARCELONA",
          "location": {
            "x": 2.14546,
            "y": 41.391404
          }
        }
      ]
    },
    {
      "name": "Dell España",
      "web": "http://www.dell.es",
      "email": null,
      "phone": null,
      "activities": [
        {
          "id": 1008031,
          "name": "Delegacions - oficines comercials"
        },
        {
          "id": 1008005,
          "name": "Serveis d'Assistència Tècnica"
        },
        {
          "id": 31797011,
          "name": "Dell"
        },
        {
          "id": 107007,
          "name": "Informàtica i telecomunicació"
        }
      ],
      "addresses": [
        {
          "street_name": "Gran Via de les Corts Catalanes",
          "number": "630 - 1F",
          "zip_code": "08007",
          "district_id": "00",
          "town": "BARCELONA",
          "location": {
            "x": 2.1655926,
            "y": 41.3885567
          }
        }
      ]
    },
    {
      "name": "La Llave de Oro",
      "web": "http://www.lallavedeoro.com",
      "email": null,
      "phone": null,
      "activities": [
        {
          "id": 1008031,
          "name": "Delegacions - oficines comercials"
        },
        {
          "id": 1027003,
          "name": "Immobiliàries"
        },
        {
          "id": 67198241,
          "name": "Construccion completa, repar. y conserv."
        },
        {
          "id": 27701721,
          "name": "Promocion de edificaciones"
        }
      ],
      "addresses": [
        {
          "street_name": "Pg Manuel Girona",
          "number": "62-64",
          "zip_code": "08034",
          "district_id": "04",
          "town": "BARCELONA",
          "location": {
            "x": 2.126165,
            "y": 41.391338
          }
        }
      ]
    },
    {
      "name": "IBM Client Center Barcelona",
      "web": "http://www.ibm.com/es",
      "email": null,
      "phone": null,
      "activities": [
        {
          "id": 1008031,
          "name": "Delegacions - oficines comercials"
        },
        {
          "id": 31801736,
          "name": "Ibm"
        },
        {
          "id": 32799723,
          "name": "Material informàtic"
        },
        {
          "id": 29302314,
          "name": "Com.may. maquinas y material oficina"
        },
        {
          "id": 103909,
          "name": "Alquiler maq. y equipo contable"
        },
        {
          "id": 102911,
          "name": "Explotacion electronica por terceros"
        },
        {
          "id": 28701728,
          "name": "Otros servicios tecnicos ncop"
        },
        {
          "id": 63006068,
          "name": "Enseñanza form. profesional superior"
        }
      ],
      "addresses": [
        {
          "street_name": "Av Diagonal",
          "number": "571",
          "zip_code": "08029",
          "district_id": "04",
          "town": "BARCELONA",
          "location": {
            "x": 2.134921,
            "y": 41.389823
          }
        }
      ]
    },
    {
      "name": "Oracle Ibérica",
      "web": "http://www.oracle.es",
      "email": null,
      "phone": null,
      "activities": [
        {
          "id": 1008031,
          "name": "Delegacions - oficines comercials"
        },
        {
          "id": 31808780,
          "name": "Oracle"
        },
        {
          "id": 107007,
          "name": "Informàtica i telecomunicació"
        }
      ],
      "addresses": [
        {
          "street_name": "Av Diagonal",
          "number": "615",
          "zip_code": "08028",
          "district_id": "04",
          "town": "BARCELONA",
          "location": {
            "x": 2.128782,
            "y": 41.388269
          }
        }
      ]
    },
    {
      "name": "Delegació a Catalunya del Centro Español de Derechos Reprográficos",
      "web": "http://www.cedro.org",
      "email": "cedrocat@cedro.org",
      "phone": null,
      "activities": [
        {
          "id": 1008031,
          "name": "Delegacions - oficines comercials"
        },
        {
          "id": 1001001,
          "name": "Associacions"
        },
        {
          "id": 29814720,
          "name": "Dret"
        }
      ],
      "addresses": [
        {
          "street_name": "C Pau Claris",
          "number": "94",
          "zip_code": "08010",
          "district_id": "02",
          "town": "BARCELONA",
          "location": {
            "x": 2.170491,
            "y": 41.390354
          }
        }
      ]
    },
    {
      "name": "Henkel Ibérica S.A.",
      "web": "http://www.henkel.es",
      "email": null,
      "phone": null,
      "activities": [
        {
          "id": 1008031,
          "name": "Delegacions - oficines comercials"
        },
        {
          "id": 107024,
          "name": "Productes de drogueria"
        },
        {
          "id": 107019,
          "name": "Productes químics"
        },
        {
          "id": 40493481,
          "name": "Fab. jabones comunes, detergentes, lejia"
        }
      ],
      "addresses": [
        {
          "street_name": "C Bilbao",
          "number": "72-84",
          "zip_code": "08005",
          "district_id": "10",
          "town": "BARCELONA",
          "location": {
            "x": 2.201409,
            "y": 41.40457
          }
        }
      ]
    },
    {
      "name": "Cerveza Mahou - San Miguel",
      "web": "http://www.mahou-sanmiguel.com",
      "email": null,
      "phone": null,
      "activities": [
        {
          "id": 1008031,
          "name": "Delegacions - oficines comercials"
        },
        {
          "id": 31812788,
          "name": "San miguel"
        },
        {
          "id": 107001,
          "name": "Alimentació i begudes"
        }
      ],
      "addresses": [
        {
          "street_name": "C Comte d'Urgell",
          "number": "240",
          "zip_code": "08036",
          "district_id": "02",
          "town": "BARCELONA",
          "location": {
            "x": 2.147997,
            "y": 41.390354
          }
        }
      ]
    },
    {
      "name": "Societat Cooperativa SCIAS",
      "web": "https://www.scias-socis.com/",
      "email": "asc@asc.cat",
      "phone": null,
      "activities": [
        {
          "id": 1008031,
          "name": "Delegacions - oficines comercials"
        },
        {
          "id": 107002,
          "name": "Sanitat"
        },
        {
          "id": 64005068,
          "name": "Hospitales especializados"
        }
      ],
      "addresses": [
        {
          "street_name": "Av Josep Tarradellas",
          "number": "123*127",
          "zip_code": "08029",
          "district_id": "04",
          "town": "BARCELONA",
          "location": {
            "x": 2.143069,
            "y": 41.389503
          }
        }
      ]
    },
    {
      "name": "Llongueras Perruquers *Oficines",
      "web": "http://www.llongueras.com",
      "email": "llongueras@llongueras.com",
      "phone": null,
      "activities": [
        {
          "id": 1008031,
          "name": "Delegacions - oficines comercials"
        },
        {
          "id": 107011,
          "name": "Perfumeria, cosmètica, estètica"
        },
        {
          "id": 67006068,
          "name": "Salones e institutos de belleza"
        }
      ],
      "addresses": [
        {
          "street_name": "C Berlín",
          "number": "39*41",
          "zip_code": "08014",
          "district_id": "04",
          "town": "BARCELONA",
          "location": {
            "x": 2.138314,
            "y": 41.383048
          }
        }
      ]
    },
    {
      "name": "Kenwood España",
      "web": "http://www.kenwoodworld.com/es-es",
      "email": null,
      "phone": null,
      "activities": [
        {
          "id": 1008031,
          "name": "Delegacions - oficines comercials"
        },
        {
          "id": 31803772,
          "name": "Kenwood"
        },
        {
          "id": 29300310,
          "name": "Com.may.apar.y mat. electronico"
        },
        {
          "id": 1591547,
          "name": "Fab. receptores radio, tv, y sonido"
        }
      ],
      "addresses": [
        {
          "street_name": "Av Ports d'Europa",
          "number": "100",
          "zip_code": "08040",
          "district_id": "03",
          "town": "BARCELONA",
          "location": {
            "x": 2.134999,
            "y": 41.322204
          }
        }
      ]
    },
    {
      "name": "El Corte Inglés, S.A.",
      "web": "http://www.elcorteingles.es",
      "email": null,
      "phone": null,
      "activities": [
        {
          "id": 1008031,
          "name": "Delegacions - oficines comercials"
        },
        {
          "id": 34296307,
          "name": "Com.men.grandes almacenes"
        },
        {
          "id": 63006067,
          "name": "Enseñanza formacion prof. no superior"
        }
      ],
      "addresses": [
        {
          "street_name": "C Bolívia",
          "number": "234",
          "zip_code": "08020",
          "district_id": "10",
          "town": "BARCELONA",
          "location": {
            "x": 2.201416,
            "y": 41.410561
          }
        }
      ]
    },
    {
      "name": "Empresa Konica Minolta",
      "web": "http://www.konicaminolta.es",
      "email": "barcelona@konicaminolta.es",
      "phone": null,
      "activities": [
        {
          "id": 1008031,
          "name": "Delegacions - oficines comercials"
        },
        {
          "id": 1026004,
          "name": "Consultories"
        },
        {
          "id": 31803820,
          "name": "Konica"
        },
        {
          "id": 32813731,
          "name": "Màquines d'arts gràfiques, fotocopiadores"
        },
        {
          "id": 110008,
          "name": "Servei de lísing"
        },
        {
          "id": 29300310,
          "name": "Com.may.apar.y mat. electronico"
        }
      ],
      "addresses": [
        {
          "street_name": "Rbla Brasil",
          "number": "38*40",
          "zip_code": "08028",
          "district_id": "03",
          "town": "BARCELONA",
          "location": {
            "x": 2.129989,
            "y": 41.377844
          }
        }
      ]
    },
    {
      "name": "Red Eléctrica de España",
      "web": "http://www.ree.es",
      "email": null,
      "phone": null,
      "activities": [
        {
          "id": 1008031,
          "name": "Delegacions - oficines comercials"
        },
        {
          "id": 1025,
          "name": "Companyies de subministrament"
        },
        {
          "id": 32800721,
          "name": "Llum"
        },
        {
          "id": 104025,
          "name": "Treball, industria, comerç i serveis"
        }
      ],
      "addresses": [
        {
          "street_name": "Av Paral.lel",
          "number": "55",
          "zip_code": "08004",
          "district_id": "03",
          "town": "BARCELONA",
          "location": {
            "x": 2.171083,
            "y": 41.374721
          }
        }
      ]
    },
    {
      "name": "Cafès Novell",
      "web": "http://www.cafesnovell.com",
      "email": "info@cafesnovell.com",
      "phone": null,
      "activities": [
        {
          "id": 1008031,
          "name": "Delegacions - oficines comercials"
        },
        {
          "id": 32793722,
          "name": "Cafès"
        }
      ],
      "addresses": [
        {
          "street_name": "C Marina",
          "number": "179",
          "zip_code": "08013",
          "district_id": "02",
          "town": "BARCELONA",
          "location": {
            "x": 2.180334,
            "y": 41.399517
          }
        }
      ]
    },
    {
      "name": "Antiga Fàbrica Estrella Damm",
      "web": "https://www.estrelladamm.com",
      "email": null,
      "phone": null,
      "activities": [
        {
          "id": 1008031,
          "name": "Delegacions - oficines comercials"
        },
        {
          "id": 46366349,
          "name": "Nivell 3 (PIC's, ús intern)"
        },
        {
          "id": 46366354,
          "name": "Oci i Lleure (PIC's, ús intern) "
        },
        {
          "id": 31796749,
          "name": "Damm"
        },
        {
          "id": 31800783,
          "name": "Henninger"
        },
        {
          "id": 107001,
          "name": "Alimentació i begudes"
        },
        {
          "id": 53646332,
          "name": "Arquitectura industrial"
        },
        {
          "id": 148414580,
          "name": "Equipaments on es celebra la Mercè 2021(per a la web)"
        },
        {
          "id": 29302315,
          "name": "Com.may.interindustrial excep. quimica"
        },
        {
          "id": 30699720,
          "name": "Alquiler de viviendas"
        },
        {
          "id": 102911,
          "name": "Explotacion electronica por terceros"
        },
        {
          "id": 28707728,
          "name": "Otros servicios independientes ncop"
        },
        {
          "id": 102908,
          "name": "Servicios financieros y contables"
        },
        {
          "id": 70308194,
          "name": "Fab. cerveza y malta de cerveza"
        }
      ],
      "addresses": [
        {
          "street_name": "Carrer del Rosselló",
          "number": "515",
          "zip_code": "08025",
          "district_id": "02",
          "town": "Barcelona",
          "location": {
            "x": 2.17818,
            "y": 41.409128
          }
        }
      ]
    },
    {
      "name": "Empresa Lavazza",
      "web": "http://www.lavazza.es",
      "email": "info@lavazza.es",
      "phone": null,
      "activities": [
        {
          "id": 1008031,
          "name": "Delegacions - oficines comercials"
        },
        {
          "id": 31804968,
          "name": "Lavazza"
        },
        {
          "id": 32793722,
          "name": "Cafès"
        },
        {
          "id": 14104799,
          "name": "Màquines de cafè"
        },
        {
          "id": 29297315,
          "name": "Com.may.otro ptos.alimenticios,hel.,etc"
        }
      ],
      "addresses": [
        {
          "street_name": "Pg Gràcia",
          "number": "50",
          "zip_code": "08007",
          "district_id": "02",
          "town": "BARCELONA",
          "location": {
            "x": 2.165653,
            "y": 41.39202
          }
        }
      ]
    },
    {
      "name": "Grupo Vichy Catalan s.a.",
      "web": "http://www.vichycatalan.com",
      "email": "consumidor@pmg1881.com",
      "phone": null,
      "activities": [
        {
          "id": 1008031,
          "name": "Delegacions - oficines comercials"
        },
        {
          "id": 107001,
          "name": "Alimentació i begudes"
        },
        {
          "id": 29297312,
          "name": "Com.may.bebidas y tabaco"
        }
      ],
      "addresses": [
        {
          "street_name": "Roger de Llúria",
          "number": "126",
          "zip_code": "08037",
          "district_id": "02",
          "town": "BARCELONA",
          "location": {
            "x": 2.162678,
            "y": 41.397976
          }
        }
      ]
    },
    {
      "name": "Seu Central",
      "web": "http://elconsorci.es",
      "email": "czfb@el-consorci.com",
      "phone": null,
      "activities": [
        {
          "id": 1008031,
          "name": "Delegacions - oficines comercials"
        },
        {
          "id": 65058972,
          "name": "Oficines"
        },
        {
          "id": 49841510,
          "name": "Oficines - Despatxos"
        }
      ],
      "addresses": [
        {
          "street_name": "Av Parc Logístic",
          "number": "2*10",
          "zip_code": "08040",
          "district_id": "03",
          "town": "BARCELONA",
          "location": {
            "x": 2.129433,
            "y": 41.341731
          }
        }
      ]
    },
    {
      "name": "Majorica, S.A.",
      "web": "http://www.majorica.com",
      "email": "info@majorica.com",
      "phone": null,
      "activities": [
        {
          "id": 1008031,
          "name": "Delegacions - oficines comercials"
        },
        {
          "id": 31805757,
          "name": "Majorica"
        },
        {
          "id": 32804746,
          "name": "Articles de joieria"
        }
      ],
      "addresses": [
        {
          "street_name": "Pg Gràcia",
          "number": "74",
          "zip_code": "08008",
          "district_id": "02",
          "town": "BARCELONA",
          "location": {
            "x": 2.163608,
            "y": 41.393668
          }
        }
      ]
    },
    {
      "name": "Empresa Hewlett Packard Enterprise",
      "web": "http://www.hpe.com",
      "email": null,
      "phone": null,
      "activities": [
        {
          "id": 1008031,
          "name": "Delegacions - oficines comercials"
        },
        {
          "id": 31795979,
          "name": "Compaq"
        },
        {
          "id": 31800807,
          "name": "Hewlett packard"
        },
        {
          "id": 104800,
          "name": "Impressores"
        },
        {
          "id": 104799,
          "name": "Ordinadors"
        },
        {
          "id": 104801,
          "name": "Perifèrics"
        },
        {
          "id": 29300310,
          "name": "Com.may.apar.y mat. electronico"
        },
        {
          "id": 103909,
          "name": "Alquiler maq. y equipo contable"
        },
        {
          "id": 102911,
          "name": "Explotacion electronica por terceros"
        },
        {
          "id": 73308189,
          "name": "Tte. mercancias por carretera"
        }
      ],
      "addresses": [
        {
          "street_name": "C Tànger",
          "number": "66",
          "zip_code": "08018",
          "district_id": "10",
          "town": "BARCELONA",
          "location": {
            "x": 2.191243,
            "y": 41.401225
          }
        }
      ]
    },
    {
      "name": "Kodak S.A.",
      "web": "http://www.kodak.es",
      "email": null,
      "phone": null,
      "activities": [
        {
          "id": 1008031,
          "name": "Delegacions - oficines comercials"
        },
        {
          "id": 29810770,
          "name": "Vídeo"
        },
        {
          "id": 104021,
          "name": "Fotografia"
        },
        {
          "id": 29300310,
          "name": "Com.may.apar.y mat. electronico"
        },
        {
          "id": 13194276,
          "name": "Venda Pel.lícula Verge"
        }
      ],
      "addresses": [
        {
          "street_name": "C Milanesat",
          "number": "25",
          "zip_code": "08017",
          "district_id": "05",
          "town": "BARCELONA",
          "location": {
            "x": 2.13073,
            "y": 41.398488
          }
        }
      ]
    },
    {
      "name": "Comercial Gallo S.A.",
      "web": "http://www.pastasgallo.es",
      "email": null,
      "phone": null,
      "activities": [
        {
          "id": 1008031,
          "name": "Delegacions - oficines comercials"
        },
        {
          "id": 31798744,
          "name": "Faisan"
        },
        {
          "id": 31799743,
          "name": "Gallo"
        },
        {
          "id": 107001,
          "name": "Alimentació i begudes"
        },
        {
          "id": 29297307,
          "name": "Com.may.ptos.alimentic.bebidas y tabacos"
        }
      ],
      "addresses": [
        {
          "street_name": "Av Diagonal",
          "number": "468",
          "zip_code": "08006",
          "district_id": "06",
          "town": "BARCELONA",
          "location": {
            "x": 2.156419,
            "y": 41.396026
          }
        }
      ]
    },
    {
      "name": "Triodos Bank, Banc Sostenible",
      "web": "http://www.triodos.es",
      "email": "sac@triodos.es",
      "phone": null,
      "activities": [
        {
          "id": 1008031,
          "name": "Delegacions - oficines comercials"
        },
        {
          "id": 1007001,
          "name": "Bancs"
        },
        {
          "id": 114004,
          "name": "Oficines centrals"
        }
      ],
      "addresses": [
        {
          "street_name": "Av Diagonal",
          "number": "418",
          "zip_code": "08037",
          "district_id": "02",
          "town": "BARCELONA",
          "location": {
            "x": 2.164061,
            "y": 41.397939
          }
        }
      ]
    },
    {
      "name": "Empresa Solvay Química",
      "web": "http://www.solvayquimica.es",
      "email": null,
      "phone": null,
      "activities": [
        {
          "id": 1008031,
          "name": "Delegacions - oficines comercials"
        },
        {
          "id": 1008008,
          "name": "Fabricació"
        },
        {
          "id": 107019,
          "name": "Productes químics"
        },
        {
          "id": 29301312,
          "name": "Com.may.ptos. quimicos industriales"
        }
      ],
      "addresses": [
        {
          "street_name": "Pg Gràcia",
          "number": "21",
          "zip_code": "08007",
          "district_id": "02",
          "town": "BARCELONA",
          "location": {
            "x": 2.166601,
            "y": 41.390412
          }
        }
      ]
    },
    {
      "name": "Novartis Farmacéutica S.A.",
      "web": "http://www.novartis.es",
      "email": null,
      "phone": null,
      "activities": [
        {
          "id": 1008031,
          "name": "Delegacions - oficines comercials"
        },
        {
          "id": 31801850,
          "name": "Isostar"
        },
        {
          "id": 107001,
          "name": "Alimentació i begudes"
        }
      ],
      "addresses": [
        {
          "street_name": "G.V. Corts Catalanes",
          "number": "764*766",
          "zip_code": "08013",
          "district_id": "02",
          "town": "BARCELONA",
          "location": {
            "x": 2.180696,
            "y": 41.398265
          }
        }
      ]
    },
    {
      "name": "Groupe Zannier Espanya",
      "web": "http://www.kidilizgroup.com",
      "email": null,
      "phone": null,
      "activities": [
        {
          "id": 1008031,
          "name": "Delegacions - oficines comercials"
        },
        {
          "id": 31821778,
          "name": "Groupe Zannier España"
        },
        {
          "id": 31820722,
          "name": "3 Pommes"
        },
        {
          "id": 31794113,
          "name": "Absorba"
        },
        {
          "id": 31794114,
          "name": "Alphabet"
        },
        {
          "id": 31795730,
          "name": "Catimini"
        },
        {
          "id": 31795729,
          "name": "Chipie"
        },
        {
          "id": 31795728,
          "name": "Confetti"
        },
        {
          "id": 31798719,
          "name": "Floriane"
        },
        {
          "id": 31801719,
          "name": "Ikks"
        },
        {
          "id": 31802824,
          "name": "Jean Bourget"
        },
        {
          "id": 31803725,
          "name": "Kenzo"
        },
        {
          "id": 31804845,
          "name": "Levi's"
        },
        {
          "id": 31804967,
          "name": "Lili Gaufrette"
        },
        {
          "id": 31808824,
          "name": "Oxbow"
        },
        {
          "id": 32804730,
          "name": "Moda nens"
        }
      ],
      "addresses": [
        {
          "street_name": "C Mallorca",
          "number": "318",
          "zip_code": "08037",
          "district_id": "02",
          "town": "BARCELONA",
          "location": {
            "x": 2.168163,
            "y": 41.397935
          }
        }
      ]
    },
    {
      "name": "Asociación Española de Normalización y Certificación",
      "web": "http://www.aenor.cat",
      "email": "dct@aenor.es",
      "phone": null,
      "activities": [
        {
          "id": 1008031,
          "name": "Delegacions - oficines comercials"
        },
        {
          "id": 1001001,
          "name": "Associacions"
        },
        {
          "id": 29817768,
          "name": "Certificació de productes o serveis"
        },
        {
          "id": 33304310,
          "name": "Com.men.libros,periodicos,revistas."
        }
      ],
      "addresses": [
        {
          "street_name": "C Tànger",
          "number": "98",
          "zip_code": "08018",
          "district_id": "10",
          "town": "BARCELONA",
          "location": {
            "x": 2.19319,
            "y": 41.402669
          }
        }
      ]
    },
    {
      "name": "Empresa Grup Balañà",
      "web": "http://www.grupbalana.com",
      "email": "info@grupbalana.com",
      "phone": null,
      "activities": [
        {
          "id": 1008031,
          "name": "Delegacions - oficines comercials"
        },
        {
          "id": 1006080,
          "name": "Promotores"
        },
        {
          "id": 29810744,
          "name": "Cinema"
        },
        {
          "id": 29810727,
          "name": "Teatre"
        },
        {
          "id": 50843509,
          "name": "Distribuïdores: Cinema"
        },
        {
          "id": 50844509,
          "name": "Empreses Exhibició"
        }
      ],
      "addresses": [
        {
          "street_name": "C Provença",
          "number": "266",
          "zip_code": "08008",
          "district_id": "02",
          "town": "BARCELONA",
          "location": {
            "x": 2.159522,
            "y": 41.393123
          }
        }
      ]
    },
    {
      "name": "Editorial Espasa Calpe  S.A.",
      "web": "http://www.planeta.es/es/editorial-espasa",
      "email": "sugerencias@espasa.es",
      "phone": null,
      "activities": [
        {
          "id": 1008031,
          "name": "Delegacions - oficines comercials"
        },
        {
          "id": 1006044,
          "name": "Editorials"
        },
        {
          "id": 29304312,
          "name": "Com.may. libros, periodicos y revistas"
        }
      ],
      "addresses": [
        {
          "street_name": "Av Diagonal",
          "number": "662",
          "zip_code": "08034",
          "district_id": "04",
          "town": "BARCELONA",
          "location": {
            "x": 2.128834,
            "y": 41.38932
          }
        }
      ]
    },
    {
      "name": "Empresa Cinesa",
      "web": "http://www.cinesa.es",
      "email": "info@cinesa.es",
      "phone": null,
      "activities": [
        {
          "id": 1008031,
          "name": "Delegacions - oficines comercials"
        },
        {
          "id": 31821724,
          "name": "Cinesa"
        },
        {
          "id": 29810744,
          "name": "Cinema"
        },
        {
          "id": 32299309,
          "name": "Com.men.ptos.pasteleria,bolleria"
        },
        {
          "id": 35299312,
          "name": "Cafe-bar teatros y cines"
        },
        {
          "id": 66007067,
          "name": "Exhibicion de peliculas cinematograficas"
        },
        {
          "id": 50844509,
          "name": "Empreses Exhibició"
        }
      ],
      "addresses": [
        {
          "street_name": "C Rosselló i Porcel",
          "number": "21",
          "zip_code": "08016",
          "district_id": "08",
          "town": "BARCELONA",
          "location": {
            "x": 2.180874,
            "y": 41.437037
          }
        }
      ]
    },
    {
      "name": "Textil Textura *Oficines",
      "web": "http://www.textura-interiors.com",
      "email": "info@textura-interiors.com",
      "phone": null,
      "activities": [
        {
          "id": 1008031,
          "name": "Delegacions - oficines comercials"
        },
        {
          "id": 1026019,
          "name": "Oficines tècniques (d'empreses privades)"
        },
        {
          "id": 32804724,
          "name": "Roba de la llar"
        },
        {
          "id": 33296307,
          "name": "Com.men.ptos.textiles para el hogar"
        }
      ],
      "addresses": [
        {
          "street_name": "C Còrsega",
          "number": "299",
          "zip_code": "08008",
          "district_id": "02",
          "town": "BARCELONA",
          "location": {
            "x": 2.156679,
            "y": 41.394973
          }
        }
      ]
    },
    {
      "name": "Mango Innovation Centre",
      "web": "http://shop.mango.com",
      "email": null,
      "phone": null,
      "activities": [
        {
          "id": 1008031,
          "name": "Delegacions - oficines comercials"
        }
      ],
      "addresses": [
        {
          "street_name": "C Almogàvers",
          "number": "119",
          "zip_code": "08018",
          "district_id": "10",
          "town": "BARCELONA",
          "location": {
            "x": 2.190035,
            "y": 41.397256
          }
        }
      ]
    },
    {
      "name": "Pompadour Ibérica S.A.",
      "web": "http://www.pompadour.es",
      "email": null,
      "phone": null,
      "activities": [
        {
          "id": 1008031,
          "name": "Delegacions - oficines comercials"
        },
        {
          "id": 31809970,
          "name": "Pompadour"
        },
        {
          "id": 107001,
          "name": "Alimentació i begudes"
        }
      ],
      "addresses": [
        {
          "street_name": "C Sicília",
          "number": "372*374",
          "zip_code": "08025",
          "district_id": "06",
          "town": "BARCELONA",
          "location": {
            "x": 2.169597,
            "y": 41.405214
          }
        }
      ]
    },
    {
      "name": "Diesel Iberia S.A.",
      "web": "https://es.diesel.com/es/",
      "email": null,
      "phone": null,
      "activities": [
        {
          "id": 1008031,
          "name": "Delegacions - oficines comercials"
        },
        {
          "id": 107012,
          "name": "Moda i tèxtil"
        },
        {
          "id": 29298309,
          "name": "Com.may. prendas exteriores vestir"
        },
        {
          "id": 29298307,
          "name": "Com.may.ptos.textiles,confecc, y calzado"
        }
      ],
      "addresses": [
        {
          "street_name": "Pl Catalunya",
          "number": "9",
          "zip_code": "08002",
          "district_id": "02",
          "town": "BARCELONA",
          "location": {
            "x": 2.168887,
            "y": 41.387696
          }
        }
      ]
    },
    {
      "name": "Oracle Netsuite",
      "web": "www.netsuite.com",
      "email": null,
      "phone": null,
      "activities": [
        {
          "id": 1008031,
          "name": "Delegacions - oficines comercials"
        },
        {
          "id": 31808780,
          "name": "Oracle"
        },
        {
          "id": 107007,
          "name": "Informàtica i telecomunicació"
        }
      ],
      "addresses": [
        {
          "street_name": "Av Diagonal",
          "number": "211",
          "zip_code": "08018",
          "district_id": "10",
          "town": "BARCELONA",
          "location": {
            "x": 2.189557,
            "y": 41.403733
          }
        }
      ]
    },
    {
      "name": "Departament Comercial a Barcelona",
      "web": "http://www.atresmediapublicidad.com",
      "email": null,
      "phone": null,
      "activities": [
        {
          "id": 1008031,
          "name": "Delegacions - oficines comercials"
        }
      ],
      "addresses": [
        {
          "street_name": "Av Diagonal",
          "number": "662",
          "zip_code": "08034",
          "district_id": "04",
          "town": "BARCELONA",
          "location": {
            "x": 2.128834,
            "y": 41.38932
          }
        }
      ]
    },
    {
      "name": "Kumon Institut d'Educació d'Espanya",
      "web": "http://www.kumon.es",
      "email": "info@kumon.es",
      "phone": null,
      "activities": [
        {
          "id": 1008031,
          "name": "Delegacions - oficines comercials"
        },
        {
          "id": 1010002,
          "name": "Escoles"
        },
        {
          "id": 29806739,
          "name": "Matemàtiques"
        },
        {
          "id": 29803720,
          "name": "Ensenyament no reglat"
        }
      ],
      "addresses": [
        {
          "street_name": "Carrer de Balmes",
          "number": "195",
          "zip_code": "08006",
          "district_id": "05",
          "town": "Barcelona",
          "location": {
            "x": 2.150445,
            "y": 41.396537
          }
        }
      ]
    },
    {
      "name": "Juvé y Camps",
      "web": "https://www.juveycamps.com/ca/",
      "email": "barcelona@juveycamps.com",
      "phone": null,
      "activities": [
        {
          "id": 1008031,
          "name": "Delegacions - oficines comercials"
        },
        {
          "id": 31802821,
          "name": "Juve y camps"
        },
        {
          "id": 107001,
          "name": "Alimentació i begudes"
        },
        {
          "id": 29297312,
          "name": "Com.may.bebidas y tabaco"
        }
      ],
      "addresses": [
        {
          "street_name": "Londres",
          "number": "69",
          "zip_code": "08036",
          "district_id": "02",
          "town": "BARCELONA",
          "location": {
            "x": 2.148874,
            "y": 41.392206
          }
        }
      ]
        }
      ]
    }
  ]
}
